{
    "p_max": 0.03571428571428571,
    "p_min": -0.0453781512605042,
    "statistics": [
        [
            0.5497588888114345,
            0.1173253732334048
        ],
        [
            -0.873281756453025,
            0.100710162027087
        ],
        [
            0.3204138604439412,
            0.055298400066825855
        ],
        [
            -0.3145546798105826,
            0.08817864584984146
        ],
        [
            0.16896495716863208,
            0.042871582877852636
        ],
        [
            -0.12429807230619605,
            0.0450599978324041
        ],
        [
            0.03180150750667241,
            0.041969539740056426
        ]
    ]
}