{
    "p_max": 0.031204290589956194,
    "p_min": -0.03525500511471577,
    "statistics": [
        [
            0.5325717757047871,
            0.08858690828574653
        ],
        [
            -0.7424898746023183,
            0.13012640175716814
        ],
        [
            0.3336734580547043,
            0.05250896886092855
        ],
        [
            -0.31839741349882383,
            0.0746700366570796
        ],
        [
            0.1632227935303064,
            0.04413185297135086
        ],
        [
            -0.12588961303346258,
            0.04722485628889226
        ],
        [
            0.020787426249197237,
            0.03795188013064247
        ]
    ]
}