{
    "p_max": 0.09994393047378759,
    "p_min": -0.07860627177700345,
    "statistics": [
        [
            0.9514886106237027,
            0.07666597244525634
        ],
        [
            -0.8805711696596403,
            0.11942883034035967
        ],
        [
            0.4185792223706759,
            0.08863091552374416
        ],
        [
            -0.28526885631937965,
            0.06320858368919142
        ],
        [
            0.05277639778115332,
            0.051423747097482035
        ],
        [
            -0.16493250103753535,
            0.029718487759967
        ],
        [
            -0.07250633462804262,
            0.029221912029626904
        ]
    ]
}