{
    "avg_std_order": [
        "大量",
        "中量",
        "少量"
    ],
    "long": {
        "max": [
            1615,
            653,
            542,
            366
        ],
        "min": [
            13.0,
            27.0,
            15.0,
            26.0
        ],
        "avg&std": [
            [
                [
                    0.8046082949308756,
                    0.1341635540791645
                ],
                [
                    0.3814411395056556,
                    0.07747360329618451
                ],
                [
                    0.07322999581064096,
                    0.0558901318690876
                ]
            ],
            [
                [
                    0.8915966386554621,
                    0.10840336134453782
                ],
                [
                    0.3932072829131652,
                    0.07542114338141095
                ],
                [
                    0.09547152194211017,
                    0.057988135999263384
                ]
            ],
            [
                [
                    0.8191489361702127,
                    0.1285207467142467
                ],
                [
                    0.33698074974670716,
                    0.10953425940379774
                ],
                [
                    0.06349206349206349,
                    0.07720663161927538
                ]
            ],
            [
                [
                    0.8780487804878049,
                    0.12195121951219512
                ],
                [
                    0.33954703832752614,
                    0.08934683893947638
                ],
                [
                    0.0759349593495935,
                    0.0690656986144171
                ]
            ]
        ]
    },
    "short": {
        "max": [
            2606.0,
            1461.0,
            1523.0,
            813.0
        ],
        "min": [
            31.0,
            60.0,
            5.0,
            4.0
        ],
        "avg&std": [
            [
                [
                    0.8777475728155342,
                    0.06990912593745711
                ],
                [
                    0.2751844660194175,
                    0.023574574877165435
                ],
                [
                    0.049190938511326866,
                    0.04346084330842875
                ]
            ],
            [
                [
                    0.7941470378301213,
                    0.15912214388391077
                ],
                [
                    0.33618843683083516,
                    0.06345784659783833
                ],
                [
                    0.11848679514632406,
                    0.06083587330605066
                ]
            ],
            [
                [
                    1.0,
                    0.0
                ],
                [
                    0.3570487483530962,
                    0.07501497759017431
                ],
                [
                    0.12147562582345195,
                    0.06508297189331366
                ]
            ],
            [
                [
                    1.0,
                    0.0
                ],
                [
                    0.40214256283477545,
                    0.09902304954475454
                ],
                [
                    0.11023049516469134,
                    0.06940699093135551
                ]
            ]
        ]
    }
}