{
    "p_max": 0.09996041171813155,
    "p_min": -0.06909856190810257,
    "statistics": [
        [
            1.0,
            0.0
        ],
        [
            -0.6487480929446402,
            0.14387100445994458
        ],
        [
            0.1575171407612472,
            0.04713589710146685
        ],
        [
            -0.3790026293850958,
            0.05055023434231324
        ],
        [
            0.0017453504224340258,
            0.038912059550052946
        ],
        [
            -0.2328844846352268,
            0.039083866542117304
        ],
        [
            -0.1171800220208429,
            0.03445177105548365
        ]
    ]
}