{
    "p_max": 0.03139866793529972,
    "p_min": -0.03016393442622951,
    "statistics": [
        [
            0.6767384022469615,
            0.14691507777329282
        ],
        [
            -0.7296841451040602,
            0.12230509898358219
        ],
        [
            0.3628776777047092,
            0.06500790306964646
        ],
        [
            -0.3987824671670242,
            0.06611375575577157
        ],
        [
            0.15856233554406882,
            0.05396920367186677
        ],
        [
            -0.20700672347173815,
            0.05284349993001307
        ],
        [
            -0.024881250614372432,
            0.049145921362694175
        ]
    ]
}