{
    "p_max": 0.07463853067604533,
    "p_min": -0.05171776874769117,
    "statistics": [
        [
            0.8083722568603928,
            0.14379254052394366
        ],
        [
            -0.6070838920082102,
            0.11465148905772514
        ],
        [
            0.26573768196571596,
            0.09266340245704603
        ],
        [
            -0.36231332715670034,
            0.04926205283248574
        ],
        [
            0.026668385394291658,
            0.046370688344572454
        ],
        [
            -0.22757790921193427,
            0.03232891756935313
        ],
        [
            -0.11614435546394175,
            0.034628134317251334
        ]
    ]
}